{
 "12": 0.024036943539977075,
 "11": 0.02666654298081994,
 "14": 0.004802766907960177,
 "17": 0.003213246911764145,
 "16": 0.02767658168449998,
 "15": 0.05041440967470408,
 "19": 0.01045414274558425,
 "20": 0.012027467414736748,
 "21": 0.01598014757037163,
 "22": 0.02155788829550147,
 "13": 0.13878189399838448,
 "23": 0.03452532282099128,
 "18": 0.1183741157874465,
 "24": 0.0416211842559278,
 "25": 0.023651752434670926,
 "26": 0.013411475531756877,
 "28": 0.041631678305566314,
 "29": 0.06404114831238986,
 "27": 0.0880146648734808,
 "32": 0.018758901581168174,
 "30": 0.09292477406561375,
 "33": 0.030554344039410354,
 "34": 0.017690234631299973,
 "35": 0.0034197849221527577,
 "36": 0.011038561537861823,
 "38": 0.02790244687348604,
 "37": 0.0575397158972919,
 "31": 0.18146559754386543,
 "41": 0.03388804579153657,
 "39": 0.10009824084118009,
 "40": 0.08368007186800241,
 "42": 0.028234758228063584,
 "43": 0.024733397457748652,
 "46": 0.009256344847381115,
 "44": 0.02343524871394038,
 "45": 0.024783685617148877,
 "47": 0.013662713393568993,
 "51": 0.0037807723507285117,
 "49": 0.016138578206300734,
 "48": 0.02393489917740226,
 "52": 0.003350935596972704,
 "53": 0.004277649894356727,
 "55": 0.009375385474413633,
 "56": 0.011415166407823562,
 "50": 0.04682920053601265,
 "58": 0.004374965094029903,
 "57": 0.01921386457979679,
 "59": 0.0046477971598505976,
 "62": 0.009563567861914635,
 "61": 0.06638477211818099,
 "63": 0.020594387594610453,
 "64": 0.016155572421848775,
 "66": 0.00893943551927805,
 "65": 0.04347423817962408,
 "60": 0.1430820120498538,
 "54": 0.19773908294737338,
 "68": 0.03294650614261627,
 "70": 0.010993092693388462,
 "69": 0.024427035730332135,
 "72": 0.0035992244258522986,
 "73": 0.04244786044582725,
 "74": 0.04260635068640113,
 "71": 0.07767748227342963,
 "76": 0.008464766200631857,
 "77": 0.003438227716833353,
 "78": 0.006933016050606966,
 "79": 0.007471167668700218,
 "75": 0.05966889392584562,
 "80": 0.004984842333942652,
 "82": 0.010892403870820999,
 "81": 0.03263215869665146,
 "83": 0.020998896658420564,
 "85": 0.007038851641118527,
 "86": 0.004352973122149706,
 "88": 0.05855385242030024,
 "87": 0.16981680383905767,
 "89": 0.003063547797501087,
 "90": 0.009978291485458613,
 "91": 0.017743587680161,
 "92": 0.014229134935885668,
 "93": 0.018429814651608468,
 "94": 0.02204280160367489,
 "95": 0.016554672457277774,
 "97": 0.07850368609651923,
 "96": 0.28549336465075614,
 "98": 0.008221325371414423,
 "99": 0.00612283730879426,
 "101": 0.06355782467871904,
 "100": 0.4057366612367332,
 "102": 0.028270812053233386,
 "103": 0.048629435058683154,
 "104": 0.04812170211225748,
 "105": 0.005639511439949274,
 "106": 0.010450395196676255,
 "107": 0.016559643484652043,
 "109": 0.016008268017321824,
 "110": 0.03184895515441895,
 "108": 0.18378225388005376,
 "112": 0.005750706605613232,
 "111": 0.04104050686582923,
 "113": 0.021778847463428973,
 "115": 0.015428322367370129,
 "114": 0.11317717265337705,
 "116": 0.023733395244926216,
 "118": 0.010473495349287987,
 "84": 1.6089615020900965,
 "119": 0.023164170887321235,
 "120": 0.017596951127052306,
 "117": 0.11908883629366755,
 "121": 0.14905874347314238,
 "124": 0.010631064977496862,
 "125": 0.06668591629713774,
 "126": 0.059971788246184585,
 "127": 0.0567320647649467,
 "128": 0.01832363223657012,
 "129": 0.10046142172068358,
 "130": 0.10916272336617112,
 "67": 3.8548325676470996,
 "131": 0.019244371447712183,
 "132": 0.005721538979560137,
 "133": 0.03385527972131967,
 "134": 0.012743589282035828,
 "135": 0.0037692094221711157,
 "136": 0.007007781602442265,
 "138": 0.003535933420062065,
 "139": 0.0034988075494766235,
 "137": 0.032318638265132905,
 "140": 0.031753911077976225,
 "142": 0.04490358605980873,
 "141": 0.09287170199677348,
 "143": 0.006570465676486492,
 "144": 0.032786254119127986,
 "145": 0.0319123025983572,
 "146": 0.008783500082790852,
 "148": 0.018601871281862258,
 "147": 0.04633605219423771,
 "150": 0.005263369251042605,
 "151": 0.011180846579372882,
 "149": 0.2039047133177519,
 "153": 0.00788041613996029,
 "154": 0.016167895682156087,
 "152": 0.1946057552471757,
 "155": 0.02395762540400028,
 "156": 0.028398034255951644,
 "158": 0.027569519728422164,
 "157": 0.09249398084357381,
 "159": 0.008484019059687853,
 "160": 0.015930967312306164,
 "161": 0.02859310256317258,
 "162": 0.017572795785963536,
 "163": 0.01972323637455702,
 "164": 0.03805667953565717,
 "165": 0.03994837077334523,
 "167": 0.013789341412484645,
 "166": 0.07323260176926852,
 "168": 0.009462648723274469,
 "169": 0.014829811081290245,
 "170": 0.015487339720129967,
 "171": 0.004144567623734474,
 "172": 0.04731878936290741,
 "173": 0.056989083904772996,
 "174": 0.027721694484353066,
 "175": 0.023515273351222277,
 "176": 0.003824254684150219,
 "177": 0.004701552446931601,
 "178": 0.021063119918107987,
 "180": 0.019454151391983032,
 "179": 0.07019926020875573,
 "181": 0.07499662907794118,
 "182": 0.13341149380430578,
 "183": 0.08617336628958583,
 "184": 0.01425295677036047,
 "185": 0.008246974460780621,
 "186": 0.022646504919975996,
 "188": 0.21195246977731586,
 "189": 0.0609477074816823,
 "190": 0.005878274235874415,
 "191": 0.003929792158305645,
 "192": 0.022608970291912556,
 "193": 0.011057487875223159,
 "194": 0.014780736248940229,
 "195": 0.015745600406080484,
 "196": 0.022412780206650496,
 "197": 0.04535956149920821,
 "198": 0.015033285319805145,
 "199": 0.013215178810060024,
 "200": 0.03489734372124076,
 "187": 2.380891495011747,
 "201": 0.00800165869295597,
 "202": 0.02582120830193162,
 "203": 0.013477498106658459,
 "204": 0.01707974625751376,
 "205": 0.02652171440422535,
 "206": 0.033093650825321674,
 "208": 0.036220415215939286,
 "209": 0.021942215971648693,
 "210": 0.02603808930143714,
 "207": 0.3769419276155531,
 "211": 0.005568642355501652,
 "212": 0.01721982378512621,
 "214": 0.00788629725575447,
 "213": 0.02651978228241205,
 "216": 0.02354752188548446,
 "215": 0.07785401279106736,
 "217": 0.013863556273281574,
 "218": 0.008272813353687524,
 "219": 0.034035966638475655,
 "220": 0.03555292133241892,
 "221": 0.014947989955544472,
 "222": 0.015225901175290346,
 "224": 0.010236048698425293,
 "223": 0.0242814346216619,
 "225": 0.021154803037643433,
 "226": 0.01886037355288863,
 "227": 0.006634103134274483,
 "228": 0.008316335268318653,
 "230": 0.006317348498851061,
 "229": 0.029779693856835366,
 "231": 0.04596643233671784,
 "233": 0.004170953575521707,
 "234": 0.0035305348224937915,
 "232": 0.08794083744287491,
 "235": 0.026075782906264066,
 "236": 0.007377778366208077,
 "238": 0.00972816115245223,
 "237": 0.10467742513865233,
 "240": 0.010308299586176873,
 "241": 0.18188662389293314,
 "239": 0.39983351891860364,
 "242": 0.01172501379624009,
 "243": 0.05055291820317507,
 "244": 0.00976843135431409,
 "246": 0.02280271640047431,
 "245": 0.3899098294787109,
 "248": 0.03907684711739421,
 "249": 0.034388902317732575,
 "250": 0.016845845617353916,
 "251": 0.017452191095799208,
 "252": 0.014442095533013344,
 "253": 0.009761601127684117,
 "254": 0.03257326828315854,
 "255": 0.027556208334863184,
 "256": 0.6521345980465412,
 "257": 0.0038704676553606987,
 "258": 0.032498419750481844,
 "259": 0.1009680787101388,
 "260": 0.03293467788025737,
 "261": 0.02271032864227891,
 "262": 0.01109041552990675,
 "264": 0.004945370089262724,
 "263": 0.018049956019967794,
 "266": 0.00393640911206603,
 "267": 0.006143694929778576,
 "265": 0.027957076393067836,
 "268": 0.004095736518502235,
 "269": 0.0033702630549669265,
 "270": 0.016839214600622654,
 "271": 0.016758990474045277,
 "272": 0.011378344148397446,
 "274": 0.006237625796347857,
 "273": 0.017083967663347722,
 "276": 0.00482797771692276,
 "275": 0.03152036741375923,
 "277": 0.02308409959077835,
 "278": 0.012447335943579673,
 "279": 0.004206999484449625,
 "281": 0.009138879831880331,
 "280": 0.023275716975331307,
 "247": 2.5213662528432907,
 "282": 0.017603977769613265,
 "284": 0.014639194775372743,
 "285": 0.01992343198508024,
 "283": 0.08070620410144329,
 "287": 0.007013105787336826,