{
 "HumanEval/1": 1.2653893584385514,
 "HumanEval/0": 1.7260711553506554,
 "HumanEval/2": 0.08735349429771304,
 "HumanEval/3": 0.349538897536695,
 "HumanEval/4": 0.4301501039415598,
 "HumanEval/5": 0.3148782215081155,
 "HumanEval/7": 0.37951522739604115,
 "HumanEval/8": 0.34501590514555575,
 "HumanEval/6": 0.988557402510196,
 "HumanEval/9": 0.4630769011564553,
 "HumanEval/10": 0.34583899527788164,
 "HumanEval/11": 0.4205885044299066,
 "HumanEval/13": 0.11897173682227731,
 "HumanEval/12": 0.355608855932951,
 "HumanEval/14": 0.3410095045343041,
 "HumanEval/16": 0.21551884310320019,
 "HumanEval/15": 0.407579960860312,
 "HumanEval/18": 0.4008394870907068,
 "HumanEval/17": 0.577475012652576,
 "HumanEval/19": 0.7974451503716409,
 "HumanEval/21": 0.6557489886879921,
 "HumanEval/22": 0.3564391710795462,
 "HumanEval/23": 0.052745312079787256,
 "HumanEval/24": 0.6102056669071316,
 "HumanEval/20": 2.435416217520833,
 "HumanEval/27": 0.12206797301769257,
 "HumanEval/26": 0.8387646992690861,
 "HumanEval/28": 0.19529333114624023,
 "HumanEval/29": 0.32775433445349333,
 "HumanEval/30": 0.18742221584543586,
 "HumanEval/25": 2.3335219803266227,
 "HumanEval/33": 0.6314058029092848,
 "HumanEval/34": 0.09450335735455155,
 "HumanEval/35": 0.09247070774435998,
 "HumanEval/37": 0.4120313785038888,
 "HumanEval/31": 10.0,
 "HumanEval/32": 10.0,
 "HumanEval/36": 10.0,
 "HumanEval/41": 0.12818754576146602,
 "HumanEval/42": 0.14460960049182175,
 "HumanEval/40": 1.917635156866163,
 "HumanEval/43": 1.2171421489678322,
 "HumanEval/38": 10.0,
 "HumanEval/44": 0.8975161863490939,
 "HumanEval/45": 0.056471001356840134,
 "HumanEval/47": 0.23103218320757152,
 "HumanEval/46": 0.6213556500151753,
 "HumanEval/48": 0.3710689411498606,
 "HumanEval/39": 10.0,
 "HumanEval/52": 0.15582617027685047,
 "HumanEval/49": 5.847906910814345,
 "HumanEval/51": 0.7247678739018738,
 "HumanEval/54": 0.40936253713443876,
 "HumanEval/56": 0.7545555910095573,
 "HumanEval/50": 10.0,
 "HumanEval/57": 0.32310545844957234,
 "HumanEval/58": 0.4999469191767275,
 "HumanEval/60": 0.24056800566613673,
 "HumanEval/53": 10.0,
 "HumanEval/62": 0.31711123017594217,
 "HumanEval/55": 9.985138654708862,
 "HumanEval/61": 0.7319112493656575,
 "HumanEval/65": 0.22190065914765,
 "HumanEval/64": 0.5074494712986052,
 "HumanEval/66": 0.7332416109740734,
 "HumanEval/67": 0.6083757036365569,
 "HumanEval/68": 0.8648461597971618,
 "HumanEval/70": 1.3787284189835192,
 "HumanEval/59": 10.0,
 "HumanEval/71": 0.5036703732796013,
 "HumanEval/72": 0.17188974060118198,
 "HumanEval/69": 4.821854957472533,
 "HumanEval/73": 0.4440364892594516,
 "HumanEval/74": 0.37200054293498397,
 "HumanEval/76": 0.27238603932783007,
 "HumanEval/77": 0.8991296128369868,
 "HumanEval/79": 0.12907240763306618,
 "HumanEval/63": 10.0,
 "HumanEval/78": 1.9111308233812452,
 "HumanEval/81": 0.4787323746830225,
 "HumanEval/80": 0.6181847880594432,
 "HumanEval/83": 0.1374498764052987,
 "HumanEval/82": 0.5501907468773425,
 "HumanEval/85": 0.2956801615655422,
 "HumanEval/84": 0.5004206976853312,
 "HumanEval/88": 0.33413365446031096,
 "HumanEval/86": 0.9237763718701899,
 "HumanEval/90": 0.3318584181368351,
 "HumanEval/87": 2.083207182120532,
 "HumanEval/92": 0.2260695409029722,
 "HumanEval/89": 2.0633130552247168,
 "HumanEval/91": 0.8697629260830582,
 "HumanEval/95": 0.8805495925247669,
 "HumanEval/93": 1.3757311223074793,
 "HumanEval/97": 0.419639699626714,
 "HumanEval/75": 10.0,
 "HumanEval/98": 0.2788280494511127,
 "HumanEval/100": 0.3663226327858865,
 "HumanEval/99": 0.6181869099847972,
 "HumanEval/94": 4.54523917734623,
 "HumanEval/102": 0.11613511731848121,
 "HumanEval/101": 1.165605004504323,
 "HumanEval/105": 0.5222677037119865,
 "HumanEval/104": 1.231373902130872,
 "HumanEval/106": 0.749162174668163,
 "HumanEval/108": 2.7851394566707315,
 "HumanEval/103": 6.7419785625301305,
 "HumanEval/96": 9.922330297529697,
 "HumanEval/109": 0.5092252601869405,
 "HumanEval/110": 0.4545822024345398,
 "HumanEval/111": 0.9303896402940154,
 "HumanEval/112": 0.6427532431669534,
 "HumanEval/113": 1.1471256040968,
 "HumanEval/114": 1.2461578858084976,
 "HumanEval/115": 0.5893699504435063,
 "HumanEval/116": 1.5536512348800897,
 "HumanEval/118": 0.8181607705540955,
 "HumanEval/107": 10.0,
 "HumanEval/120": 0.3800016064196825,
 "HumanEval/119": 1.272873464692384,
 "HumanEval/121": 0.4923091913573444,
 "HumanEval/122": 0.5021659814752638,
 "HumanEval/117": 4.166164290904999,
 "HumanEval/123": 0.802757063601166,
 "HumanEval/125": 0.40082606272771953,
 "HumanEval/124": 1.2281352563761174,
 "HumanEval/127": 0.4192778690718114,
 "HumanEval/128": 0.862375027127564,
 "HumanEval/131": 0.5840352656319737,
 "HumanEval/130": 1.3735352316871285,
 "HumanEval/126": 2.752825403958559,
 "HumanEval/134": 0.25780700268223883,
 "HumanEval/129": 3.4079445474781096,
 "HumanEval/133": 1.3378708297386765,
 "HumanEval/132": 1.6171378135681151,
 "HumanEval/135": 0.322840862441808,
 "HumanEval/138": 0.10602871039882303,
 "HumanEval/139": 0.2303048213943839,
 "HumanEval/137": 0.4157231184653938,
 "HumanEval/136": 1.7719308894127608,
 "HumanEval/141": 1.6421256178058683,
 "HumanEval/140": 1.8985014216043055,
 "HumanEval/142": 2.2870231521315874,
 "HumanEval/143": 1.1806314792484045,
 "HumanEval/144": 1.1219559857621788,
 "HumanEval/146": 0.8109475513920188,
 "HumanEval/148": 0.6813354106619954,
 "HumanEval/149": 0.5896637160331011,
 "HumanEval/145": 3.4178166408091784,
 "HumanEval/152": 0.3636242757551372,
 "HumanEval/151": 4.277894592285156,
 "HumanEval/154": 1.4283771893940866,
 "HumanEval/147": 10.0,
 "HumanEval/153": 5.170196633599699,
 "HumanEval/155": 0.6372363129630685,
 "HumanEval/150": 10.0,
 "HumanEval/157": 0.3498458554036915,
 "HumanEval/159": 0.14385737534612417,
 "HumanEval/158": 1.3691010863520205,
 "HumanEval/161": 0.8540818387642503,
 "HumanEval/156": 2.3433720751665534,
 "HumanEval/162": 0.2724843118339777,
 "HumanEval/160": 1.7683044634759426,
 "HumanEval/163": 0.4460543996654451
}