{
 "HumanEval/1": 0.12169013591483235,
 "HumanEval/0": 0.1610811865888536,
 "HumanEval/2": 0.006723693478852511,
 "HumanEval/3": 0.03476181160658598,
 "HumanEval/4": 0.04043395044282079,
 "HumanEval/5": 0.030282165948301555,
 "HumanEval/7": 0.03587545454502106,
 "HumanEval/8": 0.03233591476455331,
 "HumanEval/6": 0.09487043879926205,
 "HumanEval/9": 0.04303775671869516,
 "HumanEval/10": 0.03331258650869131,
 "HumanEval/13": 0.010519459284842015,
 "HumanEval/11": 0.03926461460068822,
 "HumanEval/12": 0.03349226852878928,
 "HumanEval/16": 0.020928673259913922,
 "HumanEval/14": 0.03391892332583666,
 "HumanEval/15": 0.03738557398319244,
 "HumanEval/18": 0.03859234107658267,
 "HumanEval/17": 0.055465150997042655,
 "HumanEval/19": 0.07622675877064466,
 "HumanEval/21": 0.07019247263669967,
 "HumanEval/22": 0.032853461988270286,
 "HumanEval/23": 0.00556816840544343,
 "HumanEval/24": 0.05886431634426117,
 "HumanEval/20": 0.24404323529452085,
 "HumanEval/27": 0.011357542499899865,
 "HumanEval/26": 0.07719330750405788,
 "HumanEval/28": 0.017988336086273194,
 "HumanEval/29": 0.029686778970062732,
 "HumanEval/30": 0.017643356788903476,
 "HumanEval/25": 0.22796243084594608,
 "HumanEval/33": 0.06188713042065501,
 "HumanEval/34": 0.009405989944934846,
 "HumanEval/35": 0.010205671563744545,
 "HumanEval/37": 0.038410634640604256,
 "HumanEval/31": 7.277773815765977,
 "HumanEval/40": 0.187521952111274,
 "HumanEval/41": 0.017096622660756112,
 "HumanEval/42": 0.016032148990780114,
 "HumanEval/43": 0.12365851020440459,
 "HumanEval/44": 0.08879128564149141,
 "HumanEval/45": 0.005373227596282959,
 "HumanEval/47": 0.02289740238338709,
 "HumanEval/46": 0.0615916614420712,
 "HumanEval/48": 0.04043576279655099,
 "HumanEval/49": 0.5732926667667926,
 "HumanEval/51": 0.07417587516829371,
 "HumanEval/52": 0.01601739777252078,
 "HumanEval/53": 1.3964272317476571,
 "HumanEval/54": 0.03927136445418,
 "HumanEval/55": 1.0604087246581912,
 "HumanEval/56": 0.0739915425889194,
 "HumanEval/57": 0.033014916069805625,
 "HumanEval/58": 0.049901455733925106,
 "HumanEval/60": 0.0251705314964056,
 "HumanEval/61": 0.07567897532135248,
 "HumanEval/62": 0.03169088736176491,
 "HumanEval/64": 0.05043342774733901,
 "HumanEval/65": 0.020996353588998318,
 "HumanEval/66": 0.06943321470171213,
 "HumanEval/67": 0.05904038455337286,
 "HumanEval/68": 0.08539285631850362,
 "HumanEval/69": 0.4619447186589241,
 "HumanEval/70": 0.13189775487408043,
 "HumanEval/71": 0.053139126487076284,
 "HumanEval/72": 0.019403624441474678,
 "HumanEval/73": 0.0469525683671236,
 "HumanEval/74": 0.03545950585976243,
 "HumanEval/76": 0.025341980904340745,
 "HumanEval/77": 0.08938094228506088,
 "HumanEval/78": 0.19409510847181083,
 "HumanEval/79": 0.012445241026580334,
 "HumanEval/80": 0.06283549414947628,
 "HumanEval/63": 5.544283507019282,
 "HumanEval/81": 0.04685757402330637,
 "HumanEval/82": 0.05366970179602504,
 "HumanEval/83": 0.014322834182530641,
 "HumanEval/84": 0.049572141095995906,
 "HumanEval/85": 0.029538706131279468,
 "HumanEval/86": 0.08638145411387085,
 "HumanEval/87": 0.20955286622047425,
 "HumanEval/88": 0.03172532459720969,
 "HumanEval/59": 7.470008714310825,
 "HumanEval/89": 0.19646785482764245,
 "HumanEval/90": 0.03330087838694453,
 "HumanEval/92": 0.021270675212144853,
 "HumanEval/91": 0.08804588252678514,
 "HumanEval/93": 0.1365446570329368,
 "HumanEval/95": 0.08774102181196212,
 "HumanEval/94": 0.4536170234903693,
 "HumanEval/97": 0.042112857289612296,
 "HumanEval/98": 0.026441479567438364,
 "HumanEval/100": 0.03483970668166876,
 "HumanEval/99": 0.05952057233080268,
 "HumanEval/102": 0.018337510339915753,
 "HumanEval/101": 0.11122798305004836,
 "HumanEval/104": 0.11896313317120075,
 "HumanEval/96": 1.0549674350768328,
 "HumanEval/105": 0.05152960894629359,
 "HumanEval/103": 0.6287895334884525,
 "HumanEval/106": 0.07262338669970632,
 "HumanEval/109": 0.05574162798002362,
 "HumanEval/108": 0.27747499169781803,
 "HumanEval/110": 0.042972552683204414,
 "HumanEval/112": 0.0721814777702093,
 "HumanEval/111": 0.09420564761385322,
 "HumanEval/113": 0.12081071268767118,
 "HumanEval/114": 0.12688216203823685,
 "HumanEval/115": 0.06786948144435882,
 "HumanEval/116": 0.1627396539784968,
 "HumanEval/118": 0.07931675817817449,
 "HumanEval/107": 1.171731631178409,
 "HumanEval/117": 0.4010747252032161,
 "HumanEval/120": 0.036387058440595865,
 "HumanEval/119": 0.12905834103003144,
 "HumanEval/121": 0.048736168257892135,
 "HumanEval/122": 0.04832491157576442,
 "HumanEval/123": 0.08086721869185567,
 "HumanEval/125": 0.03952248124405742,
 "HumanEval/124": 0.12187559669837356,
 "HumanEval/127": 0.03970106402412057,
 "HumanEval/128": 0.0806623307056725,
 "HumanEval/126": 0.27793394709005953,
 "HumanEval/130": 0.13035150859504938,
 "HumanEval/131": 0.05819777697324753,
 "HumanEval/129": 0.3268781367689371,
 "HumanEval/134": 0.028189141489565372,
 "HumanEval/133": 0.13650580449029803,
 "HumanEval/132": 0.15655441666021944,
 "HumanEval/135": 0.03096831841394305,
 "HumanEval/138": 0.009910490363836288,
 "HumanEval/137": 0.04073346946388483,
 "HumanEval/139": 0.023536639008671045,
 "HumanEval/136": 0.18552866727113723,
 "HumanEval/141": 0.16442385660484432,
 "HumanEval/140": 0.18971603848040103,
 "HumanEval/143": 0.11977254813537001,
 "HumanEval/142": 0.2252760381437838,
 "HumanEval/144": 0.11308394875377417,
 "HumanEval/146": 0.07842755476012826,
 "HumanEval/148": 0.06909403670579195,
 "HumanEval/145": 0.34243507850915195,
 "HumanEval/149": 0.05632361192256212,
 "HumanEval/151": 0.4160087685100734,
 "HumanEval/152": 0.03311313595622778,
 "HumanEval/154": 0.14077749429270625,
 "HumanEval/153": 0.49891530349850655,
 "HumanEval/155": 0.06448903307318687,
 "HumanEval/157": 0.03506733104586601,
 "HumanEval/156": 0.22154953014105558,
 "HumanEval/159": 0.01599147478118539,
 "HumanEval/158": 0.13055760879069567,
 "HumanEval/161": 0.08952791718766093,
 "HumanEval/160": 0.17196496659889818,
 "HumanEval/162": 0.025538111571222544,
 "HumanEval/163": 0.045847561210393906,
 "HumanEval/150": 4.776663599256426
}