{
 "HumanEval/2": 0.06822796072810888,
 "HumanEval/3": 0.3285871045663953,
 "HumanEval/5": 0.310296269133687,
 "HumanEval/13": 0.10095759481191635,
 "HumanEval/4": 0.4162441799417138,
 "HumanEval/8": 0.32562828715890646,
 "HumanEval/7": 0.36019155848771334,
 "HumanEval/10": 0.338309271261096,
 "HumanEval/11": 0.4064442850649357,
 "HumanEval/9": 0.4221753692254424,
 "HumanEval/16": 0.1990889087319374,
 "HumanEval/23": 0.055834618397057056,
 "HumanEval/14": 0.3411019938066602,
 "HumanEval/12": 0.38238553795963526,
 "HumanEval/15": 0.37804090697318316,
 "HumanEval/27": 0.1164228580892086,
 "HumanEval/22": 0.33441805839538574,
 "HumanEval/18": 0.38826651591807604,
 "HumanEval/28": 0.1848748018965125,
 "HumanEval/30": 0.18235347233712673,
 "HumanEval/34": 0.09421768598258495,
 "HumanEval/35": 0.0905297314748168,
 "HumanEval/17": 0.5462432373315096,
 "HumanEval/29": 0.31016517151147127,
 "HumanEval/6": 0.9704017993062735,
 "HumanEval/21": 0.6382542671635747,
 "HumanEval/24": 0.5665950961410999,
 "HumanEval/41": 0.1370214195922017,
 "HumanEval/1": 1.2238056156784296,
 "HumanEval/19": 0.7800033446401358,
 "HumanEval/45": 0.05324722360819578,
 "HumanEval/42": 0.15475486032664776,
 "HumanEval/37": 0.380020122975111,
 "HumanEval/26": 0.7829920472577214,
 "HumanEval/47": 0.22146328259259462,
 "HumanEval/33": 0.6196299130097032,
 "HumanEval/52": 0.14053266495466232,
 "HumanEval/48": 0.35916261561214924,
 "HumanEval/0": 1.6879859901964664,
 "HumanEval/57": 0.2989917919039726,
 "HumanEval/46": 0.6193246515467763,
 "HumanEval/60": 0.23041241243481636,
 "HumanEval/54": 0.44130380731076,
 "HumanEval/51": 0.6975887576118112,
 "HumanEval/58": 0.4925131341442466,
 "HumanEval/62": 0.29399131145328283,
 "HumanEval/44": 0.8899269085377455,
 "HumanEval/65": 0.2066689245402813,
 "HumanEval/56": 0.7650386393070221,
 "HumanEval/61": 0.6706436257809401,
 "HumanEval/43": 1.2071713721379638,
 "HumanEval/64": 0.5049181133508682,
 "HumanEval/72": 0.16565743181854486,
 "HumanEval/67": 0.590191706083715,
 "HumanEval/66": 0.7051326604560018,
 "HumanEval/71": 0.4844346381723881,
 "HumanEval/74": 0.36591013707220554,
 "HumanEval/73": 0.39400269743055105,
 "HumanEval/20": 2.3449139213189483,
 "HumanEval/79": 0.11907415091991425,
 "HumanEval/25": 2.254407445900142,
 "HumanEval/68": 0.81317981146276,
 "HumanEval/40": 1.8927462715655565,
 "HumanEval/76": 0.28772209491580725,
 "HumanEval/83": 0.12578961811959743,
 "HumanEval/85": 0.26582689955830574,
 "HumanEval/81": 0.44747298303991556,
 "HumanEval/88": 0.33854932244867086,
 "HumanEval/84": 0.4923286074772477,
 "HumanEval/82": 0.5536537729203701,
 "HumanEval/80": 0.6014417428523302,
 "HumanEval/70": 1.3556465338915586,
 "HumanEval/90": 0.3258274979889393,
 "HumanEval/92": 0.21184456069022417,
 "HumanEval/77": 0.8770288666710258,
 "HumanEval/86": 0.8202018514275551,
 "HumanEval/98": 0.2957240464165807,
 "HumanEval/102": 0.12232070975005627,
 "HumanEval/97": 0.3918177764862776,
 "HumanEval/100": 0.3559592477977276,
 "HumanEval/99": 0.5507195992395282,
 "HumanEval/91": 0.815928609110415,
 "HumanEval/95": 0.875584808178246,
 "HumanEval/105": 0.5129557838663459,
 "HumanEval/110": 0.4208522494882345,
 "HumanEval/109": 0.44804355036467314,
 "HumanEval/106": 0.737923314794898,
 "HumanEval/93": 1.2734437743201852,
 "HumanEval/78": 1.8834124756976962,
 "HumanEval/101": 1.123346721753478,
 "HumanEval/112": 0.6210253154858947,
 "HumanEval/104": 1.2041862094774842,
 "HumanEval/89": 2.006898520514369,
 "HumanEval/87": 2.0951905427500606,
 "HumanEval/115": 0.5490964222699404,
 "HumanEval/111": 0.9466609414666891,
 "HumanEval/120": 0.36289062537252903,
 "HumanEval/118": 0.7989568347111344,
 "HumanEval/125": 0.39208445232361555,
 "HumanEval/122": 0.4776071971282363,
 "HumanEval/121": 0.49299089051783085,
 "HumanEval/113": 1.123860627412796,
 "HumanEval/114": 1.1135422568768263,
 "HumanEval/127": 0.4166582990437746,
 "HumanEval/123": 0.8016272140666842,
 "HumanEval/134": 0.2586200488731265,
 "HumanEval/119": 1.2767531089484692,
 "HumanEval/131": 0.5903883343562484,
 "HumanEval/116": 1.5656311707571149,
 "HumanEval/135": 0.31394304148852825,
 "HumanEval/124": 1.1164052272215486,
 "HumanEval/138": 0.09990852419286966,
 "HumanEval/128": 0.8830443564802408,
 "HumanEval/139": 0.22092241514474154,
 "HumanEval/137": 0.41370530240237713,
 "HumanEval/108": 2.755239875987172,
 "HumanEval/130": 1.2942285584285855,
 "HumanEval/69": 4.666734687052667,
 "HumanEval/133": 1.2258568992838264,
 "HumanEval/49": 5.743439605459571,
 "HumanEval/132": 1.5556234205141664,
 "HumanEval/149": 0.5247806999832392,
 "HumanEval/144": 1.078296066261828,
 "HumanEval/146": 0.7724196501076221,
 "HumanEval/148": 0.6669936468824744,
 "HumanEval/143": 1.140355259180069,
 "HumanEval/141": 1.489399092271924,
 "HumanEval/152": 0.31233429443091154,
 "HumanEval/136": 1.7526274342089891,
 "HumanEval/159": 0.13833885919302702,
 "HumanEval/94": 4.514824228361249,
 "HumanEval/140": 1.8189884908497334,
 "HumanEval/157": 0.33163723815232515,
 "HumanEval/126": 2.7633326333016157,
 "HumanEval/155": 0.6297027794644237,
 "HumanEval/162": 0.24806803278625011,
 "HumanEval/142": 2.233772588893771,
 "HumanEval/117": 3.797429481521249,
 "HumanEval/163": 0.43678972125053406,
 "HumanEval/129": 3.10066435392946,
 "HumanEval/161": 0.8313164245337248,
 "HumanEval/154": 1.3231642274186015,
 "HumanEval/158": 1.2593677705153823,
 "HumanEval/160": 1.6358539639040828,
 "HumanEval/156": 2.146822687238455,
 "HumanEval/145": 3.221236393786967,
 "HumanEval/103": 5.9816702380776405,
 "HumanEval/31": 10.0,
 "HumanEval/32": 10.0,
 "HumanEval/36": 10.0,
 "HumanEval/38": 10.0,
 "HumanEval/39": 10.0,
 "HumanEval/151": 4.020509145222604,
 "HumanEval/50": 10.0,
 "HumanEval/55": 9.888856585137546,
 "HumanEval/53": 10.0,
 "HumanEval/59": 10.0,
 "HumanEval/63": 10.0,
 "HumanEval/153": 4.806372937746346,
 "HumanEval/75": 10.0,
 "HumanEval/96": 9.700763846747577,
 "HumanEval/107": 10.0,
 "HumanEval/147": 10.0,
 "HumanEval/150": 10.0
}