{
 "11": 0.0027060589753091337,
 "12": 0.0024305139668285847,
 "14": 0.0004927019588649272,
 "16": 0.003169963415712118,
 "15": 0.0051224234513938425,
 "17": 0.0003236815333366394,
 "19": 0.0010778383351862431,
 "20": 0.0012192582711577416,
 "13": 0.0162420678883791,
 "21": 0.0016033949330449104,
 "22": 0.00210387883707881,
 "18": 0.011906983144581319,
 "23": 0.003439805284142494,
 "26": 0.0013290587812662125,
 "25": 0.0023671786300837995,
 "24": 0.005376844014972448,
 "28": 0.0041553470306098465,
 "29": 0.006663040909916163,
 "27": 0.009607126750051976,
 "32": 0.0019485492259263993,
 "30": 0.011962478421628476,
 "33": 0.002971353381872177,
 "34": 0.0018237187527120114,
 "35": 0.00034921141341328623,
 "36": 0.001025725994259119,
 "38": 0.0030314956791698934,
 "37": 0.006013888772577048,
 "31": 0.018168087396770716,
 "41": 0.0032751292921602724,
 "39": 0.010639543179422617,
 "40": 0.008978801593184472,
 "42": 0.0028353226371109486,
 "43": 0.00288067189976573,
 "46": 0.0009717346169054508,
 "44": 0.0025408861227333547,
 "45": 0.002504357974976301,
 "47": 0.001365155726671219,
 "49": 0.0016407067887485027,
 "48": 0.0023872531950473786,
 "51": 0.00038691703230142593,
 "52": 0.0003437444567680359,
 "53": 0.00043203961104154587,
 "50": 0.004555544164031744,
 "55": 0.0009373243898153305,
 "56": 0.0011471365578472614,
 "58": 0.0004525480791926384,
 "57": 0.001945953071117401,
 "59": 0.000470887403935194,
 "62": 0.0007758957333862781,
 "61": 0.006891703233122826,
 "63": 0.001903572492301464,
 "64": 0.001601911336183548,
 "54": 0.020432320330291985,
 "60": 0.014286554884165525,
 "66": 0.0009040736593306064,
 "65": 0.004044600017368794,
 "68": 0.0033930583856999876,
 "69": 0.002534215431660414,
 "70": 0.0010444782674312592,
 "72": 0.0003712820820510387,
 "73": 0.004200140200555325,
 "74": 0.004151562321931123,
 "71": 0.007905497122555971,
 "76": 0.0008532279171049595,
 "77": 0.00035193338990211485,
 "78": 0.0007123409770429135,
 "75": 0.0058776638470590115,
 "79": 0.0007263918407261372,
 "80": 0.0005087523721158504,
 "82": 0.0007835561409592628,
 "83": 0.0020703370682895184,
 "81": 0.0033570748753845693,
 "85": 0.0007041317410767078,
 "86": 0.0004414727911353111,
 "88": 0.005922518298029899,
 "87": 0.01625961447134614,
 "89": 0.00031471708789467814,
 "90": 0.0010460706427693367,
 "91": 0.0017862135544419288,
 "92": 0.0014581166207790375,
 "93": 0.0022531474940478803,
 "94": 0.002218953799456358,
 "95": 0.0016885315999388695,
 "97": 0.007582927215844392,
 "96": 0.029677932057529686,
 "98": 0.0008430604822933674,
 "99": 0.0006347482092678546,
 "101": 0.00647451663389802,
 "100": 0.04376157512888312,
 "102": 0.0026335855945944786,
 "103": 0.004620227962732315,
 "105": 0.0005874781869351864,
 "104": 0.0048927759751677515,
 "106": 0.0009544598869979382,
 "107": 0.0016420777887105943,
 "109": 0.0025241745635867117,
 "108": 0.018354204948991537,
 "110": 0.002813185192644596,
 "112": 0.0003667319193482399,
 "111": 0.004933119285851717,
 "113": 0.0021897795610129832,
 "115": 0.0013012446463108063,
 "84": 0.16241643289104105,
 "116": 0.0023007815703749656,
 "114": 0.011167046148329973,
 "118": 0.0010848999954760075,
 "119": 0.0022838556207716463,
 "120": 0.0017806684598326683,
 "117": 0.011859005596488715,
 "121": 0.014762617275118827,
 "124": 0.0010800212621688843,
 "125": 0.007989938464015722,
 "126": 0.006657720729708672,
 "127": 0.007898235321044922,
 "128": 0.0016624405048787593,
 "129": 0.011702483240514993,
 "67": 0.3823366355150938,
 "131": 0.0018739829771220683,
 "130": 0.011085494700819255,
 "132": 0.0005762527696788311,
 "133": 0.003201495949178934,
 "134": 0.001291330996900797,
 "135": 0.00038065128028392793,
 "136": 0.0006930112838745117,
 "138": 0.0003582020290195942,
 "137": 0.003246905840933323,
 "139": 0.00035651018843054774,
 "140": 0.0031742511317133905,
 "142": 0.0039029255509376525,
 "141": 0.011422574426978827,
 "143": 0.0007013970986008644,
 "144": 0.0031982486136257647,
 "145": 0.0032515328377485274,
 "146": 0.000912322010844946,
 "148": 0.0018668266013264657,
 "147": 0.005767421703785658,
 "150": 0.0005322542041540146,
 "151": 0.001124741043895483,
 "149": 0.02070944607257843,
 "153": 0.0007954474538564682,
 "154": 0.0020910224877297877,
 "152": 0.020307685341686012,
 "155": 0.00362571282312274,
 "156": 0.0028673852793872356,
 "158": 0.002809400111436844,
 "157": 0.010131495352834464,
 "159": 0.0008636284619569778,
 "160": 0.0016285164281725883,
 "161": 0.0028767289593815805,
 "162": 0.0017326125875115395,
 "163": 0.0020054535940289497,
 "164": 0.0035964978858828546,
 "165": 0.003925117570906878,
 "167": 0.0011160457506775856,
 "166": 0.009673586394637824,
 "168": 0.0009313510730862617,
 "169": 0.0014896643348038196,
 "170": 0.00145205557346344,
 "171": 0.00042288610711693764,
 "172": 0.0043123634532094,
 "173": 0.0058074241504073145,
 "174": 0.0026317981071770193,
 "175": 0.002434029709547758,
 "176": 0.00039287898689508436,
 "177": 0.00047850525006651876,
 "178": 0.002314098086208105,
 "180": 0.0019916117191314696,
 "179": 0.007408051565289497,
 "181": 0.006786242965608836,
 "182": 0.012803929671645165,
 "183": 0.008559116907417775,
 "184": 0.0013965501450002194,
 "185": 0.0008301466703414917,
 "186": 0.002300417982041836,
 "188": 0.023216989636421204,
 "189": 0.005910014361143112,
 "190": 0.0004852392710745335,
 "191": 0.0004014759324491024,
 "192": 0.002241843659430742,
 "193": 0.0011375254020094872,
 "194": 0.0012705456465482712,
 "195": 0.0015392125584185123,
 "196": 0.0017777898348867894,
 "197": 0.004477923363447189,
 "198": 0.001520339585840702,
 "187": 0.2424835401587188,
 "199": 0.0013398435898125173,
 "200": 0.003505044989287853,
 "201": 0.0008312975056469441,
 "202": 0.0025621134787797927,
 "203": 0.0013192841783165933,
 "204": 0.0017294165678322314,
 "205": 0.0026923233643174173,
 "206": 0.003180868737399578,
 "208": 0.004401346575468779,
 "207": 0.03830324141308665,
 "209": 0.0016060513444244862,
 "210": 0.0023509856313467027,
 "211": 0.00057086031883955,
 "212": 0.0017213709652423859,
 "213": 0.0030193930491805077,
 "214": 0.0006744607351720333,
 "215": 0.009178082179278135,
 "216": 0.0018581697717309,
 "217": 0.001143274549394846,
 "218": 0.0009852815419435501,
 "219": 0.003482779022306204,
 "220": 0.004122228268533945,
 "221": 0.001592247374355793,
 "222": 0.0015318132936954498,
 "223": 0.0026308575645089148,
 "224": 0.001033862493932247,
 "225": 0.001910504512488842,
 "226": 0.001922021433711052,
 "227": 0.00047147627919912337,
 "228": 0.0008538373745977879,
 "230": 0.0006255089305341244,
 "229": 0.0028074595145881178,
 "231": 0.004572748951613903,
 "233": 0.0004331082105636597,
 "232": 0.008952348958700895,
 "234": 0.00036434801295399667,
 "235": 0.002313512749969959,
 "236": 0.0007509615272283555,
 "238": 0.001140717789530754,
 "237": 0.0106962438672781,
 "240": 0.0008983087725937366,
 "241": 0.01866286201402545,
 "239": 0.04296125788241625,
 "242": 0.0011853702366352082,
 "243": 0.004721308965235949,
 "244": 0.0010034743696451186,
 "246": 0.002289540972560644,
 "245": 0.04299517059698701,
 "248": 0.0038779113441705705,
 "249": 0.0031389511190354825,
 "250": 0.0013014895841479302,
 "251": 0.0016203466802835464,
 "252": 0.0009547154419124127,
 "253": 0.0010587116703391075,
 "254": 0.0034379832446575164,
 "255": 0.0024632452987134457,
 "256": 0.06590331261977553,
 "247": 0.25713426927104593,
 "257": 0.00039130086079239843,
 "258": 0.0028780105523765085,
 "259": 0.011401088256388903,
 "260": 0.003274676389992237,
 "261": 0.0021650527603924276,
 "262": 0.0011246201582252979,
 "263": 0.0016951992176473141,
 "264": 0.0004996873438358306,
 "265": 0.002803803328424692,
 "266": 0.0003961736336350441,
 "267": 0.000642551202327013,
 "268": 0.000415079016238451,
 "269": 0.0003560232929885387,
 "270": 0.001708798110485077,
 "271": 0.0014455673284828664,
 "272": 0.001168475765734911,
 "274": 0.0004963321611285209,
 "273": 0.0017377874813973905,
 "276": 0.000483260303735733,
 "275": 0.0031514312140643597,
 "278": 0.0012982776388525963,