{
 "HumanEval/0": 0.016651329584419727,
 "HumanEval/1": 0.013497438095510007,
 "HumanEval/2": 0.0007138567045331002,
 "HumanEval/3": 0.0033216855488717558,
 "HumanEval/4": 0.00421000337228179,
 "HumanEval/5": 0.0031370637007057667,
 "HumanEval/6": 0.00960342139005661,
 "HumanEval/7": 0.0036950945854187013,
 "HumanEval/8": 0.0033105123788118363,
 "HumanEval/9": 0.004520306643098593,
 "HumanEval/10": 0.0033357549458742143,
 "HumanEval/11": 0.004080164711922407,
 "HumanEval/12": 0.003482561092823744,
 "HumanEval/13": 0.001118643954396248,
 "HumanEval/14": 0.003439261019229889,
 "HumanEval/15": 0.0038384810090065003,
 "HumanEval/16": 0.002125241793692112,
 "HumanEval/17": 0.005602256115525961,
 "HumanEval/18": 0.0038663958199322223,
 "HumanEval/19": 0.007773786038160324,
 "HumanEval/21": 0.006424173526465893,
 "HumanEval/20": 0.023203255888074637,
 "HumanEval/22": 0.003544628992676735,
 "HumanEval/23": 0.0005936696194112301,
 "HumanEval/24": 0.005964124295860529,
 "HumanEval/25": 0.022694053966552018,
 "HumanEval/26": 0.008060734253376722,
 "HumanEval/27": 0.0011638667434453963,
 "HumanEval/28": 0.0018607081845402717,
 "HumanEval/29": 0.0030975650995969774,
 "HumanEval/30": 0.0017930549569427968,
 "HumanEval/31": 0.7128668362274766,
 "HumanEval/33": 0.011535531654953957,
 "HumanEval/34": 0.0009656631387770176,
 "HumanEval/35": 0.0018218019977211952,
 "HumanEval/37": 0.003926482331007719,
 "HumanEval/38": 1.4667073742486536,
 "HumanEval/40": 0.02289091981947422,
 "HumanEval/41": 0.0013475504703819752,
 "HumanEval/42": 0.0015049472451210022,
 "HumanEval/43": 0.01197105050086975,
 "HumanEval/44": 0.008810929488390684,
 "HumanEval/45": 0.0005259284749627114,
 "HumanEval/46": 0.006140937004238367,
 "HumanEval/47": 0.002244534809142351,
 "HumanEval/48": 0.0035409392789006234,
 "HumanEval/49": 0.05600980082526803,
 "HumanEval/39": 1.5989204980432987,
 "HumanEval/51": 0.006783757638186216,
 "HumanEval/52": 0.001492653228342533,
 "HumanEval/32": 9.305842829681932,
 "HumanEval/53": 0.13651312226429582,
 "HumanEval/54": 0.003979239147156477,
 "HumanEval/55": 0.10209866156801581,
 "HumanEval/56": 0.007057539187371731,
 "HumanEval/57": 0.003099056705832481,
 "HumanEval/58": 0.0048537331633269785,
 "HumanEval/50": 1.2031249033287168,
 "HumanEval/60": 0.0030862159095704556,
 "HumanEval/61": 0.009218425769358874,
 "HumanEval/62": 0.003134729620069265,
 "HumanEval/64": 0.004814655799418688,
 "HumanEval/65": 0.002088948991149664,
 "HumanEval/66": 0.006862857099622488,
 "HumanEval/67": 0.005935080628842115,
 "HumanEval/68": 0.008684767223894597,
 "HumanEval/59": 0.734188146609813,
 "HumanEval/69": 0.04767882591113448,
 "HumanEval/63": 0.5398450098000467,
 "HumanEval/70": 0.013150205742567778,
 "HumanEval/71": 0.0048911191523075105,
 "HumanEval/72": 0.0017107793129980565,
 "HumanEval/73": 0.0041212189011275765,
 "HumanEval/74": 0.0035860978998243807,
 "HumanEval/76": 0.0025104737840592863,
 "HumanEval/77": 0.008684720937162637,
 "HumanEval/78": 0.018210085202008487,
 "HumanEval/79": 0.0011659853160381317,
 "HumanEval/80": 0.00590823469683528,
 "HumanEval/81": 0.004603693448007107,
 "HumanEval/83": 0.001231934130191803,
 "HumanEval/82": 0.00530781876295805,
 "HumanEval/85": 0.0028155043721199034,
 "HumanEval/84": 0.004787241015583277,
 "HumanEval/88": 0.0031187979504466055,
 "HumanEval/86": 0.008569251280277967,
 "HumanEval/87": 0.02049751756712794,
 "HumanEval/90": 0.0032276368699967863,
 "HumanEval/89": 0.02042078012600541,
 "HumanEval/92": 0.0022032605484128,
 "HumanEval/91": 0.008648041728883981,
 "HumanEval/95": 0.008555780258029699,
 "HumanEval/93": 0.013619434833526612,
 "HumanEval/97": 0.004058124776929617,
 "HumanEval/94": 0.0489205926656723,
 "HumanEval/98": 0.002629373222589493,
 "HumanEval/99": 0.005750242061913014,
 "HumanEval/100": 0.0034492647275328634,
 "HumanEval/102": 0.0010944366455078124,
 "HumanEval/101": 0.011715004313737154,
 "HumanEval/104": 0.011863034311681986,
 "HumanEval/96": 0.10114195290952921,
 "HumanEval/105": 0.004976604972034693,
 "HumanEval/103": 0.06152449240908027,
 "HumanEval/106": 0.007196319568902254,
 "HumanEval/109": 0.004716595262289047,
 "HumanEval/108": 0.026638849452137948,
 "HumanEval/110": 0.004206570144742727,
 "HumanEval/111": 0.0089659933000803,
 "HumanEval/112": 0.006032808311283588,
 "HumanEval/113": 0.011169905960559844,
 "HumanEval/114": 0.011802550964057445,
 "HumanEval/115": 0.005729510821402073,
 "HumanEval/116": 0.014969231840223075,
 "HumanEval/118": 0.0077696826308965685,
 "HumanEval/107": 0.11482442254200578,
 "HumanEval/117": 0.03936932021752,
 "HumanEval/120": 0.0035412034019827844,
 "HumanEval/119": 0.012151825614273548,
 "HumanEval/121": 0.004714948777109385,
 "HumanEval/122": 0.004704038612544537,
 "HumanEval/123": 0.007946603652089834,
 "HumanEval/125": 0.00388341611251235,
 "HumanEval/124": 0.011454107984900475,
 "HumanEval/127": 0.003934288397431374,
 "HumanEval/128": 0.008477188274264335,
 "HumanEval/126": 0.02703806320205331,
 "HumanEval/130": 0.01256405683234334,
 "HumanEval/131": 0.005815208610147238,
 "HumanEval/129": 0.03434408912435174,
 "HumanEval/132": 0.015280554257333278,
 "HumanEval/134": 0.00253441845998168,
 "HumanEval/133": 0.012725157849490642,
 "HumanEval/135": 0.0030902234837412836,
 "HumanEval/137": 0.004043023474514485,
 "HumanEval/138": 0.0009745338931679726,
 "HumanEval/139": 0.0021625799126923084,
 "HumanEval/136": 0.01815224438905716,
 "HumanEval/140": 0.01777963638305664,
 "HumanEval/141": 0.019018216617405416,
 "HumanEval/143": 0.01138321328908205,
 "HumanEval/142": 0.023194000124931335,
 "HumanEval/144": 0.010489897523075341,
 "HumanEval/146": 0.007605192717164755,
 "HumanEval/148": 0.006426202971488238,
 "HumanEval/145": 0.03371668253093958,
 "HumanEval/149": 0.005499427393078804,
 "HumanEval/151": 0.05030238516628742,
 "HumanEval/152": 0.00341096306219697,
 "HumanEval/153": 0.053175703063607214,
 "HumanEval/150": 0.48106276635080575,
 "HumanEval/154": 0.013333895802497863,
 "HumanEval/155": 0.006161710061132908,
 "HumanEval/156": 0.021914372593164443,
 "HumanEval/157": 0.003417815454304218,
 "HumanEval/158": 0.012949385773390531,
 "HumanEval/159": 0.0013604994863271713,
 "HumanEval/160": 0.017024438921362163,
 "HumanEval/161": 0.00839141132310033,
 "HumanEval/162": 0.0025622846558690073,
 "HumanEval/163": 0.004589725378900766
}