{
 "HumanEval/0": 0.1692382120527327,
 "HumanEval/1": 0.12272542361170054,
 "HumanEval/2": 0.006919594760984182,
 "HumanEval/3": 0.03949792562052608,
 "HumanEval/4": 0.04661982711404562,
 "HumanEval/5": 0.03349734144285321,
 "HumanEval/7": 0.04194906037300825,
 "HumanEval/6": 0.10621931729838252,
 "HumanEval/8": 0.032612621877342464,
 "HumanEval/9": 0.048044159449636935,
 "HumanEval/10": 0.036456945724785327,
 "HumanEval/11": 0.045302105415612456,
 "HumanEval/12": 0.03438884792849421,
 "HumanEval/13": 0.01141416933387518,
 "HumanEval/14": 0.035718862898647785,
 "HumanEval/15": 0.03772556921467185,
 "HumanEval/16": 0.023383879382163287,
 "HumanEval/17": 0.0547482680529356,
 "HumanEval/18": 0.038434773311018945,
 "HumanEval/19": 0.07989042773842811,
 "HumanEval/21": 0.06414930997416377,
 "HumanEval/20": 0.25141398459672926,
 "HumanEval/22": 0.03628161624073982,
 "HumanEval/23": 0.005592112708836794,
 "HumanEval/24": 0.06007472835481167,
 "HumanEval/26": 0.08712199134752155,
 "HumanEval/25": 0.23304025568068026,
 "HumanEval/27": 0.0116701640188694,
 "HumanEval/28": 0.018638024199754,
 "HumanEval/29": 0.032984317280352116,
 "HumanEval/30": 0.017699557915329935,
 "HumanEval/31": 7.343998419865966,
 "HumanEval/33": 0.06511982697993517,
 "HumanEval/34": 0.012498148251324892,
 "HumanEval/35": 0.00982529055327177,
 "HumanEval/37": 0.03770135110244155,
 "HumanEval/38": 14.687287738826125,
 "HumanEval/40": 0.1928540574386716,
 "HumanEval/41": 0.013709287531673909,
 "HumanEval/42": 0.01487371725961566,
 "HumanEval/43": 0.11969118257984519,
 "HumanEval/39": 16.484224122576414,
 "HumanEval/44": 0.092796665802598,
 "HumanEval/45": 0.005291416402906179,
 "HumanEval/46": 0.06241467762738466,
 "HumanEval/47": 0.023857373930513858,
 "HumanEval/48": 0.036954041104763746,
 "HumanEval/49": 0.5727613063529133,
 "HumanEval/32": 60.0,
 "HumanEval/50": 12.028439051657916,
 "HumanEval/51": 0.07240836899727583,
 "HumanEval/52": 0.015184298623353243,
 "HumanEval/54": 0.041717253159731627,
 "HumanEval/36": 60.0,
 "HumanEval/53": 1.3694879102520645,
 "HumanEval/56": 0.07033233055844904,
 "HumanEval/57": 0.03226684397086501,
 "HumanEval/58": 0.04885577699169517,
 "HumanEval/55": 1.0487284641712904,
 "HumanEval/60": 0.023025539796799423,
 "HumanEval/61": 0.07026504622772337,
 "HumanEval/62": 0.031778075825423004,
 "HumanEval/64": 0.05193373803049326,
 "HumanEval/65": 0.025573672726750374,
 "HumanEval/66": 0.0729122769087553,
 "HumanEval/67": 0.0596644802019,
 "HumanEval/68": 0.0852971002459526,
 "HumanEval/69": 0.47157870726659895,
 "HumanEval/70": 0.1357168735936284,
 "HumanEval/71": 0.0524588018655777,
 "HumanEval/72": 0.019560387916862966,
 "HumanEval/73": 0.04218264752998948,
 "HumanEval/74": 0.03596162041649222,
 "HumanEval/76": 0.027256832271814347,
 "HumanEval/77": 0.08907881770282984,
 "HumanEval/78": 0.18844255758449435,
 "HumanEval/79": 0.014058057684451342,
 "HumanEval/80": 0.060124711226671936,
 "HumanEval/81": 0.048465337138623,
 "HumanEval/63": 5.520071480236948,
 "HumanEval/82": 0.05287408791482449,
 "HumanEval/83": 0.012281437404453754,
 "HumanEval/84": 0.0481251479126513,
 "HumanEval/85": 0.027639911975711584,
 "HumanEval/86": 0.08646329287439584,
 "HumanEval/88": 0.035387161653488874,
 "HumanEval/87": 0.21314234416931868,
 "HumanEval/90": 0.03225197456777096,
 "HumanEval/89": 0.19510623356327414,
 "HumanEval/92": 0.02142986226826906,
 "HumanEval/91": 0.08606619508937001,
 "HumanEval/93": 0.13490362083539367,
 "HumanEval/95": 0.0879662537947297,
 "HumanEval/94": 0.4527891411446035,
 "HumanEval/59": 7.527525480091572,
 "HumanEval/97": 0.04247934296727181,
 "HumanEval/98": 0.02633390286937356,
 "HumanEval/99": 0.058171963598579166,
 "HumanEval/100": 0.03483375832438469,
 "HumanEval/101": 0.11072051702067257,
 "HumanEval/102": 0.01088818246498704,
 "HumanEval/104": 0.12136254664510489,
 "HumanEval/96": 1.0777928242459893,
 "HumanEval/103": 0.6286585429683328,
 "HumanEval/105": 0.05135003998875618,
 "HumanEval/106": 0.07256706403568387,
 "HumanEval/109": 0.05592207117006183,
 "HumanEval/108": 0.2679033094085753,
 "HumanEval/110": 0.04399077612906695,
 "HumanEval/112": 0.06754639716818929,
 "HumanEval/111": 0.09042685320600867,
 "HumanEval/113": 0.12065462861210108,
 "HumanEval/114": 0.11895474372431636,
 "HumanEval/115": 0.05928148711100221,
 "HumanEval/116": 0.153356340713799,
 "HumanEval/118": 0.08446938889101148,
 "HumanEval/117": 0.40417846068739893,
 "HumanEval/107": 1.1785729800350964,
 "HumanEval/120": 0.03607898075133562,
 "HumanEval/119": 0.12501125605776905,
 "HumanEval/121": 0.048181270621716975,
 "HumanEval/122": 0.04727420182898641,
 "HumanEval/125": 0.038547462038695815,
 "HumanEval/123": 0.08628181098029017,
 "HumanEval/124": 0.11729545583948493,
 "HumanEval/127": 0.039785726089030506,
 "HumanEval/128": 0.08111407607793808,
 "HumanEval/126": 0.2727330332621932,
 "HumanEval/130": 0.12979502687230707,
 "HumanEval/131": 0.0586040411144495,
 "HumanEval/129": 0.3278339602053165,
 "HumanEval/134": 0.026176339760422707,
 "HumanEval/133": 0.1292735794559121,
 "HumanEval/132": 0.15717671876773237,
 "HumanEval/135": 0.03091786103323102,
 "HumanEval/138": 0.009952690824866295,
 "HumanEval/137": 0.04320037318393588,
 "HumanEval/139": 0.023004190623760225,
 "HumanEval/136": 0.17482441291213036,
 "HumanEval/141": 0.15723004955798386,
 "HumanEval/140": 0.18091534376144408,
 "HumanEval/143": 0.1251458490267396,
 "HumanEval/142": 0.22273323126137257,
 "HumanEval/144": 0.11303576063364744,
 "HumanEval/146": 0.0774492253549397,
 "HumanEval/148": 0.069757822714746,
 "HumanEval/145": 0.34354735324159263,
 "HumanEval/149": 0.05565360505133867,
 "HumanEval/151": 0.4194602548144758,
 "HumanEval/152": 0.03545411229133606,
 "HumanEval/153": 0.5021185480058193,
 "HumanEval/150": 4.850053237006068,
 "HumanEval/154": 0.1350544006563723,
 "HumanEval/155": 0.06407156856730581,
 "HumanEval/157": 0.040088662132620814,
 "HumanEval/156": 0.22318486059084536,
 "HumanEval/159": 0.015664582420140506,
 "HumanEval/158": 0.12988453721627594,
 "HumanEval/161": 0.08764850450679659,
 "HumanEval/160": 0.17848374536260964,
 "HumanEval/162": 0.030685106106102467,
 "HumanEval/163": 0.04697253992781043,
 "HumanEval/75": 60.0,
 "HumanEval/147": 60.0
}