{
 "14": 0.005071057751774788,
 "11": 0.026375112403184176,
 "12": 0.024117297306656838,
 "17": 0.003209466114640236,
 "16": 0.026265178620815278,
 "19": 0.010550037026405334,
 "15": 0.05085618458688259,
 "20": 0.012223827000707389,
 "21": 0.01605092566460371,
 "22": 0.02081561489030719,
 "13": 0.13562265858054162,
 "23": 0.034212721046060324,
 "25": 0.023611833155155183,
 "18": 0.11731199137866496,
 "24": 0.04039200367406011,
 "26": 0.013824196811765433,
 "28": 0.0415815768763423,
 "29": 0.06842180639505387,
 "27": 0.08808488193899393,
 "32": 0.01871841913089156,
 "30": 0.09052043491974474,
 "33": 0.030141653679311275,
 "34": 0.01780550815165043,
 "35": 0.0034806195646524428,
 "36": 0.010138922929763794,
 "38": 0.027729043364524843,
 "37": 0.057454648055136205,
 "31": 0.18383328076452016,
 "41": 0.034476923011243346,
 "39": 0.10214030900970102,
 "40": 0.08268104232847691,
 "42": 0.02823856668546796,
 "43": 0.02475926335901022,
 "44": 0.023623342532664536,
 "45": 0.02535336194559932,
 "46": 0.009193141665309667,
 "47": 0.013448416721075773,
 "51": 0.003771709743887186,
 "49": 0.01645534159615636,
 "48": 0.024206122569739818,
 "52": 0.0033545278944075107,
 "53": 0.005585798248648644,
 "55": 0.009114118851721286,
 "56": 0.0115924465470016,
 "50": 0.045003177411854264,
 "58": 0.004377180244773626,
 "57": 0.019236199278384446,
 "59": 0.004720929823815822,
 "62": 0.008982882834970951,
 "61": 0.06534130154177546,
 "63": 0.019368250761181115,
 "64": 0.016001809481531383,
 "66": 0.008937079552561044,
 "65": 0.03987846178933978,
 "60": 0.13701791549101472,
 "54": 0.20218760725110768,
 "68": 0.032876257319003344,
 "69": 0.024439059477299453,
 "70": 0.009949827194213867,
 "72": 0.003567211329936981,
 "73": 0.04083646610379219,
 "74": 0.04173067426308989,
 "71": 0.07789628524333239,
 "76": 0.008498190809041262,
 "77": 0.003441316820681095,
 "78": 0.006956130266189575,
 "79": 0.007421310804784298,
 "75": 0.05819480884820223,
 "80": 0.004980758670717478,
 "82": 0.007813831139355899,
 "83": 0.01946474751457572,
 "81": 0.03312631538137793,
 "85": 0.007009673770517111,
 "86": 0.004374972265213728,
 "88": 0.06333535034209489,
 "87": 0.16798353902995586,
 "89": 0.003082248941063881,
 "90": 0.009899087343364954,
 "91": 0.018990656826645136,
 "92": 0.014145583566278219,
 "93": 0.01882138540968299,
 "94": 0.02304840972647071,
 "95": 0.017009197548031808,
 "97": 0.0752750680781901,
 "96": 0.28541041277348994,
 "98": 0.00934500377625227,
 "99": 0.006089967023581266,
 "101": 0.06534748887643219,
 "102": 0.027496077865362168,
 "100": 0.400887297373265,
 "103": 0.05176972858607769,
 "104": 0.051191664673388,
 "105": 0.005651850067079067,
 "106": 0.010176846012473106,
 "107": 0.016172313783317804,
 "109": 0.02034099828451872,
 "110": 0.027458305563777687,
 "108": 0.18346323715522886,
 "112": 0.0035444503650069238,
 "111": 0.0423635677434504,
 "113": 0.021282219979912042,
 "115": 0.013024576101452112,
 "116": 0.023181369155645372,
 "114": 0.10966266430914402,
 "118": 0.010488912742584944,
 "84": 1.6132312660105526,
 "119": 0.022725823149085046,
 "117": 0.11730851614847779,
 "120": 0.017138989921659232,
 "121": 0.14690209412947297,
 "124": 0.010699941590428353,
 "125": 0.06353518152609468,
 "126": 0.058852347824722526,
 "127": 0.06130434088408947,
 "128": 0.019236447289586067,
 "129": 0.1052726337686181,
 "130": 0.11205245377495884,
 "67": 3.8387503694742917,
 "131": 0.021512273419648408,
 "132": 0.005650914274156094,
 "133": 0.03386970879510045,
 "134": 0.012940132617950439,
 "135": 0.0037336506880819797,
 "136": 0.006960510835051536,
 "138": 0.003557794541120529,
 "137": 0.0319859342649579,
 "139": 0.0034917879849672316,
 "140": 0.0332110826857388,
 "142": 0.03995194928720593,
 "141": 0.09661516379565001,
 "143": 0.0065369406715035435,
 "144": 0.03107600789517164,
 "145": 0.031124840024858713,
 "146": 0.008776240516453981,
 "148": 0.01875913143157959,
 "147": 0.04500427581369877,
 "150": 0.005420301854610443,
 "151": 0.011370114609599113,
 "149": 0.19746490893885493,
 "153": 0.007856233790516854,
 "154": 0.01607082858681679,
 "152": 0.19876534398645163,
 "155": 0.023982443287968634,
 "156": 0.02761284066364169,
 "158": 0.02932078531011939,
 "157": 0.094068025611341,
 "159": 0.008506806567311287,
 "160": 0.017644786275923252,
 "161": 0.028768196422606706,
 "162": 0.02005189461633563,
 "163": 0.01955080609768629,
 "164": 0.036980383843183515,
 "165": 0.0368088573217392,
 "167": 0.012085581105202437,
 "166": 0.07325140163302421,
 "168": 0.009220811538398266,
 "169": 0.014671111479401588,
 "170": 0.0158521537669003,
 "171": 0.0042518175207078455,
 "172": 0.04274116726592183,
 "173": 0.05891237575560808,
 "174": 0.027858857344835997,
 "175": 0.022393529769033194,
 "176": 0.003833531402051449,
 "177": 0.004705538786947727,
 "178": 0.02116365432739258,
 "180": 0.020797572936862706,
 "179": 0.06417823592200875,
 "181": 0.06719470964744687,
 "182": 0.1456518097780645,
 "183": 0.0852734980173409,
 "184": 0.013748656120151281,
 "185": 0.008186929486691951,
 "186": 0.02156750299036503,
 "188": 0.22939203614369036,
 "189": 0.060711542051285504,
 "190": 0.008291431330144405,
 "191": 0.006411574501544237,
 "192": 0.03594556739553809,
 "193": 0.015645175240933895,
 "194": 0.016703451704233884,
 "195": 0.02493073483929038,
 "196": 0.020859557576477526,
 "197": 0.04812319157645106,
 "187": 2.3532582715153696,
 "198": 0.01573253246024251,
 "199": 0.013190299645066262,
 "200": 0.03419862277805805,
 "201": 0.008011410199105739,
 "203": 0.013082557916641235,
 "202": 0.027616526838392018,
 "204": 0.017698573227971793,
 "205": 0.026243040803819895,
 "206": 0.03171841688454151,
 "208": 0.027293184772133827,
 "209": 0.015787258557975293,
 "210": 0.022827061358839273,
 "211": 0.005610941536724567,
 "207": 0.3906935462728143,
 "212": 0.01720999423414469,
 "213": 0.023468460235744715,
 "214": 0.006801930349320173,
 "216": 0.0188107599504292,
 "215": 0.07607949702069164,
 "217": 0.011525117605924607,
 "218": 0.008967816457152366,
 "219": 0.03394037280231714,
 "220": 0.03360687959939242,
 "221": 0.015869123209267855,
 "222": 0.01419213218614459,
 "224": 0.010294768307358027,
 "223": 0.024185033980756998,
 "225": 0.018785329628735782,
 "226": 0.019274647813290358,
 "227": 0.004660840705037117,
 "228": 0.008329165261238813,
 "230": 0.005268986243754626,
 "229": 0.029073825106024742,
 "231": 0.046525778528302905,
 "233": 0.0041870750486850735,
 "234": 0.0035599878057837485,
 "232": 0.08796365512534976,
 "235": 0.02608779342845082,
 "236": 0.008050707168877125,
 "238": 0.006149350479245186,
 "237": 0.09994051242247223,
 "240": 0.011531881242990493,
 "241": 0.17794536584988235,
 "239": 0.42483899658545854,
 "242": 0.01274936217814684,
 "243": 0.04667240874841809,
 "244": 0.012024108320474625,
 "246": 0.022775746136903762,
 "245": 0.38742320174351336,
 "248": 0.040532364323735234,
 "249": 0.0306048265658319,
 "250": 0.014868273492902517,
 "251": 0.01674061259254813,
 "252": 0.009501832164824009,
 "253": 0.009574428480118514,
 "254": 0.032527748588472606,
 "255": 0.02471601599827409,
 "256": 0.6486230694688857,
 "247": 2.5186085836961865,
 "257": 0.003839463647454977,
 "258": 0.02862972030416131,
 "259": 0.104367829952389,
 "260": 0.03696955554187298,
 "261": 0.02123912898823619,
 "262": 0.011240557488054036,
 "263": 0.019166247826069592,
 "264": 0.00499486867338419,
 "265": 0.030179062951356174,
 "266": 0.003889979142695665,
 "267": 0.006137851718813181,
 "268": 0.00408045444637537,
 "269": 0.0033591228537261488,
 "270": 0.016953388042747975,
 "271": 0.015336669981479645,
 "272": 0.011395881604403257,
 "273": 0.017767202854156495,
 "274": 0.006681946944445372,
 "275": 0.031920944713056086,
 "276": 0.004761766642332077,
 "277": 0.02104357909411192,
 "278": 0.012145736161619425,
 "279": 0.004291518777608872,
 "280": 0.023275440093129873,
 "281": 0.009294950123876333,
 "282": 0.01781689701601863,
 "284": 0.01437157802283764,
 "283": 0.08016294064000248,
 "285": 0.021005770191550255,
 "287": 0.007057838421314955,