{
 "ParrotSmall.8.95.NoNL": {
  "HumanEval/2": {
   "mean": 3.0391001928364858e-05,
   "std": 0.0,
   "median": 3.0391001928364858e-05
  },
  "HumanEval/7": {
   "mean": 3.092294673479046e-05,
   "std": 1.3349706820057006e-05,
   "median": 2.8595499315997586e-05
  },
  "HumanEval/11": {
   "mean": 3.746275069715921e-05,
   "std": 1.263692281273889e-05,
   "median": 3.608050064940471e-05
  },
  "HumanEval/8": {
   "mean": 6.091999966884032e-05,
   "std": 0.0,
   "median": 6.091999966884032e-05
  },
  "HumanEval/13": {
   "mean": 7.360000381595455e-06,
   "std": 3.0000046535860747e-07,
   "median": 7.360000381595455e-06
  },
  "HumanEval/12": {
   "mean": 4.588000228977762e-05,
   "std": 0.0,
   "median": 4.588000228977762e-05
  },
  "HumanEval/18": {
   "mean": 2.3150001652538776e-05,
   "std": 0.0,
   "median": 2.3150001652538776e-05
  },
  "HumanEval/14": {
   "mean": 3.492000178084709e-05,
   "std": 0.0,
   "median": 3.492000178084709e-05
  },
  "HumanEval/22": {
   "mean": 3.1765115636517294e-05,
   "std": 1.1267562085181121e-05,
   "median": 2.9454999094014056e-05
  },
  "HumanEval/17": {
   "mean": 3.4889999369625e-05,
   "std": 0.0,
   "median": 3.4889999369625e-05
  },
  "HumanEval/23": {
   "mean": 4.493938411962097e-06,
   "std": 1.4966979934355524e-06,
   "median": 4.094998075743206e-06
  },
  "HumanEval/26": {
   "mean": 2.5818667684992153e-05,
   "std": 6.641771978843652e-06,
   "median": 2.4625001969980076e-05
  },
  "HumanEval/24": {
   "mean": 1.6620000678813085e-05,
   "std": 0.0,
   "median": 1.6620000678813085e-05
  },
  "HumanEval/28": {
   "mean": 1.7293029077995595e-05,
   "std": 4.45802990408982e-06,
   "median": 1.6835001588333398e-05
  },
  "HumanEval/29": {
   "mean": 1.973377214183034e-05,
   "std": 4.966282380675989e-06,
   "median": 1.7899998056236655e-05
  },
  "HumanEval/30": {
   "mean": 1.1840478375392115e-05,
   "std": 2.0573587138944584e-06,
   "median": 1.184000211651437e-05
  },
  "HumanEval/31": {
   "mean": 0.0008053783636900004,
   "std": 0.0012763155824579394,
   "median": 5.8260000514565036e-05
  },
  "HumanEval/34": {
   "mean": 7.577793000783803e-06,
   "std": 2.151810945571983e-06,
   "median": 6.95500239089597e-06
  },
  "HumanEval/35": {
   "mean": 7.372263002923175e-06,
   "std": 3.4802297000109486e-06,
   "median": 6.484999175881967e-06
  },
  "HumanEval/42": {
   "mean": 1.0470055510975524e-05,
   "std": 3.669909909155778e-06,
   "median": 9.134999345405959e-06
  },
  "HumanEval/45": {
   "mean": 4.280002031009644e-06,
   "std": 0.0,
   "median": 4.280002031009644e-06
  },
  "HumanEval/48": {
   "mean": 7.939999539468607e-06,
   "std": 1.6445612195057339e-06,
   "median": 7.499998901039362e-06
  },
  "HumanEval/47": {
   "mean": 2.6939997042063624e-05,
   "std": 0.0,
   "median": 2.6939997042063624e-05
  },
  "HumanEval/49": {
   "mean": 1.5486998260409262e-05,
   "std": 7.752199219845113e-07,
   "median": 1.5899997379165143e-05
  },
  "HumanEval/50": {
   "mean": 0.004531748478178127,
   "std": 0.0011576670215158755,
   "median": 0.004043315999297192
  },
  "HumanEval/38": {
   "mean": 0.008141620997776045,
   "std": 0.0,
   "median": 0.008141620997776045
  },
  "HumanEval/51": {
   "mean": 1.8384249718413532e-05,
   "std": 4.793428663684339e-06,
   "median": 1.8700000509852543e-05
  },
  "HumanEval/52": {
   "mean": 1.8125461233117116e-05,
   "std": 6.039679286384509e-06,
   "median": 1.5189998521236703e-05
  },
  "HumanEval/53": {
   "mean": 0.0005255609911520814,
   "std": 0.00013965767109646684,
   "median": 0.00045237150152388494
  },
  "HumanEval/54": {
   "mean": 1.738500031933654e-05,
   "std": 1.155001882580109e-06,
   "median": 1.738500031933654e-05
  },
  "HumanEval/55": {
   "mean": 0.00023766119993524627,
   "std": 0.0001372200750157544,
   "median": 0.00025184100013575517
  },
  "HumanEval/58": {
   "mean": 1.852124012657441e-05,
   "std": 4.347788894952577e-06,
   "median": 1.6579997463850304e-05
  },
  "HumanEval/60": {
   "mean": 2.411142850178294e-05,
   "std": 3.6391018485091485e-06,
   "median": 2.517000029911287e-05
  },
  "HumanEval/101": {
   "mean": 2.036099976976402e-05,
   "std": 0.0,
   "median": 2.036099976976402e-05
  },
  "HumanEval/138": {
   "mean": 5.750000127591193e-06,
   "std": 0.0,
   "median": 5.750000127591193e-06
  },
  "HumanEval/162": {
   "mean": 6.2340001022676e-05,
   "std": 0.0,
   "median": 6.2340001022676e-05
  }
 }
}