{
 "Neo125M.6.95.NoCode": {
  "11": {
   "mean": 9.839997801464051e-06,
   "std": 0.0,
   "median": 9.839997801464051e-06
  },
  "19": {
   "mean": 7.210501280496828e-06,
   "std": 2.9505008569685742e-06,
   "median": 7.210501280496828e-06
  },
  "20": {
   "mean": 4.096666089026257e-06,
   "std": 6.20554577397814e-07,
   "median": 4.499997885432094e-06
  },
  "41": {
   "mean": 1.2383666520084565e-05,
   "std": 3.985822226348824e-06,
   "median": 1.0370000381954014e-05
  },
  "35": {
   "mean": 5.149999196873978e-06,
   "std": 0.0,
   "median": 5.149999196873978e-06
  },
  "45": {
   "mean": 6.086665962357074e-06,
   "std": 3.6351271153005933e-06,
   "median": 3.990000550402328e-06
  },
  "46": {
   "mean": 5.009998858440667e-06,
   "std": 0.0,
   "median": 5.009998858440667e-06
  },
  "47": {
   "mean": 3.7700010580010712e-06,
   "std": 3.800014383159578e-07,
   "median": 3.7700010580010712e-06
  },
  "51": {
   "mean": 2.929999027401209e-06,
   "std": 0.0,
   "median": 2.929999027401209e-06
  },
  "52": {
   "mean": 2.769499951682519e-05,
   "std": 5.96396962001713e-05,
   "median": 6.449998181778938e-06
  },
  "54": {
   "mean": 7.745498805888928e-06,
   "std": 8.450115274172276e-08,
   "median": 7.745498805888928e-06
  },
  "58": {
   "mean": 2.0699990272987634e-06,
   "std": 0.0,
   "median": 2.0699990272987634e-06
  },
  "62": {
   "mean": 7.320200529647991e-06,
   "std": 2.2945184901279987e-06,
   "median": 6.2399994931183755e-06
  },
  "64": {
   "mean": 1.6091817087726668e-05,
   "std": 7.620651557790434e-06,
   "median": 1.5239998901961371e-05
  },
  "66": {
   "mean": 1.0248999994170541e-05,
   "std": 2.735793459012825e-06,
   "median": 8.650000381749123e-06
  },
  "68": {
   "mean": 8.049999451031908e-06,
   "std": 0.0,
   "median": 8.049999451031908e-06
  },
  "71": {
   "mean": 9.79999943713968e-06,
   "std": 5.471460141351535e-06,
   "median": 8.09499942988623e-06
  },
  "72": {
   "mean": 4.430001354194246e-06,
   "std": 9.999985195463523e-07,
   "median": 4.430001354194246e-06
  },
  "78": {
   "mean": 1.4444437738347915e-05,
   "std": 3.662925949409369e-06,
   "median": 1.4410001313081011e-05
  },
  "79": {
   "mean": 5.207500180404168e-06,
   "std": 1.1257968224983133e-06,
   "median": 5.199999577598646e-06
  },
  "89": {
   "mean": 3.3318337955279276e-06,
   "std": 4.782194175652147e-07,
   "median": 3.285498678451404e-06
  },
  "93": {
   "mean": 2.9691000236198306e-05,
   "std": 4.4999978854320943e-07,
   "median": 2.9691000236198306e-05
  },
  "105": {
   "mean": 5.90428472995492e-06,
   "std": 1.1119588714334199e-06,
   "median": 5.909998435527086e-06
  },
  "96": {
   "mean": 1.3875000149710104e-05,
   "std": 1.9049984985031188e-06,
   "median": 1.3875000149710104e-05
  },
  "104": {
   "mean": 2.455999856465496e-05,
   "std": 0.0,
   "median": 2.455999856465496e-05
  },
  "112": {
   "mean": 3.234999894630164e-06,
   "std": 4.500179784372449e-08,
   "median": 3.234999894630164e-06
  },
  "113": {
   "mean": 3.569268567555743e-06,
   "std": 1.275253088873091e-06,
   "median": 3.260000084992498e-06
  },
  "118": {
   "mean": 1.5480141883017495e-05,
   "std": 3.103583648976438e-06,
   "median": 1.582999902893789e-05
  },
  "127": {
   "mean": 4.556500083280673e-06,
   "std": 3.6182780575905294e-06,
   "median": 2.9700022423639894e-06
  },
  "132": {
   "mean": 1.2887205765069024e-05,
   "std": 8.38636518184829e-06,
   "median": 1.1579997590160929e-05
  },
  "138": {
   "mean": 3.2500884117325768e-06,
   "std": 7.282889516807785e-07,
   "median": 3.384999217814766e-06
  },
  "141": {
   "mean": 8.573636891510846e-06,
   "std": 2.383180035864211e-06,
   "median": 8.290000550914556e-06
  },
  "142": {
   "mean": 2.0555000446620397e-05,
   "std": 3.815001036855392e-06,
   "median": 2.0555000446620397e-05
  },
  "151": {
   "mean": 4.389999958220869e-06,
   "std": 0.0,
   "median": 4.389999958220869e-06
  },
  "152": {
   "mean": 8.81222311161562e-06,
   "std": 2.6918383568659637e-06,
   "median": 8.859999070409685e-06
  },
  "159": {
   "mean": 3.646666300483048e-06,
   "std": 6.669516412684246e-07,
   "median": 3.429999196669087e-06
  },
  "161": {
   "mean": 2.0241429280888822e-05,
   "std": 2.628478725981142e-06,
   "median": 1.9869999960064888e-05
  },
  "164": {
   "mean": 2.1699997887481004e-06,
   "std": 0.0,
   "median": 2.1699997887481004e-06
  },
  "176": {
   "mean": 3.860001015709713e-06,
   "std": 0.0,
   "median": 3.860001015709713e-06
  },
  "172": {
   "mean": 1.7350001144222915e-05,
   "std": 0.0,
   "median": 1.7350001144222915e-05
  },
  "191": {
   "mean": 3.1666665260369578e-06,
   "std": 7.304034350867473e-07,
   "median": 3.429999196669087e-06
  },
  "192": {
   "mean": 2.788211573855593e-05,
   "std": 7.094627128871332e-05,
   "median": 4.135001290705986e-06
  },
  "193": {
   "mean": 6.599999323952943e-06,
   "std": 0.0,
   "median": 6.599999323952943e-06
  },
  "201": {
   "mean": 4.95333329632154e-06,
   "std": 2.2878661884672288e-06,
   "median": 4.400000761961564e-06
  },
  "202": {
   "mean": 6.570000550709665e-06,
   "std": 0.0,
   "median": 6.570000550709665e-06
  },
  "203": {
   "mean": 3.934999767807312e-06,
   "std": 7.049984560580924e-07,
   "median": 3.934999767807312e-06
  },
  "210": {
   "mean": 9.982044422132376e-05,
   "std": 7.273254077085367e-05,
   "median": 9.892999878502451e-05
  },
  "211": {
   "mean": 5.99000122747384e-06,
   "std": 0.0,
   "median": 5.99000122747384e-06
  },
  "214": {
   "mean": 8.809998689685017e-06,
   "std": 1.7670506190324127e-06,
   "median": 9.039998985826969e-06
  },
  "221": {
   "mean": 8.510000043315813e-06,
   "std": 0.0,
   "median": 8.510000043315813e-06
  },
  "242": {
   "mean": 1.94558801013045e-05,
   "std": 7.322242758451345e-05,
   "median": 7.810000170138665e-06
  },
  "235": {
   "mean": 5.169997166376561e-06,
   "std": 0.0,
   "median": 5.169997166376561e-06
  },
  "258": {
   "mean": 8.9899986051023e-06,
   "std": 0.0,
   "median": 8.9899986051023e-06
  },
  "284": {
   "mean": 3.76999971769309e-06,
   "std": 8.644862750330593e-07,
   "median": 3.639997885329649e-06
  },
  "269": {
   "mean": 3.435001417528838e-06,
   "std": 1.1500014807097614e-07,
   "median": 3.435001417528838e-06
  },
  "285": {
   "mean": 3.2800016924738884e-06,
   "std": 0.0,
   "median": 3.2800016924738884e-06
  },
  "309": {
   "mean": 3.656667104223743e-06,
   "std": 1.2401711702554512e-06,
   "median": 3.4199983929283917e-06
  },
  "295": {
   "mean": 7.99999907030724e-06,
   "std": 0.0,
   "median": 7.99999907030724e-06
  },
  "329": {
   "mean": 1.0137928256881423e-05,
   "std": 2.107820161091909e-06,
   "median": 1.0095000106957741e-05
  },
  "331": {
   "mean": 5.5522003094665704e-06,
   "std": 2.290097215071218e-06,
   "median": 4.460001946426928e-06
  },
  "333": {
   "mean": 1.4687143578027775e-05,
   "std": 3.366406268114283e-06,
   "median": 1.3490001947502606e-05
  },
  "336": {
   "mean": 3.0237275826617736e-06,
   "std": 1.301641472723281e-06,
   "median": 2.840002707671374e-06
  },
  "337": {
   "mean": 4.429999535204843e-06,
   "std": 0.0,
   "median": 4.429999535204843e-06
  },
  "341": {
   "mean": 7.704555577624382e-06,
   "std": 2.734255858716804e-06,
   "median": 6.350001058308408e-06
  },
  "355": {
   "mean": 5.844998668180779e-06,
   "std": 6.250011210795492e-07,
   "median": 5.844998668180779e-06
  },
  "360": {
   "mean": 3.2899988582357764e-06,
   "std": 0.0,
   "median": 3.2899988582357764e-06
  },
  "373": {
   "mean": 7.20666503184475e-06,
   "std": 5.964060244006431e-06,
   "median": 3.369998012203723e-06
  },
  "372": {
   "mean": 1.1800000720540993e-05,
   "std": 7.60001057642512e-07,
   "median": 1.1800000720540993e-05
  },
  "403": {
   "mean": 5.816619959659874e-05,
   "std": 3.791886042048241e-05,
   "median": 7.20449988875771e-05
  },
  "404": {
   "mean": 4.352499900051043e-06,
   "std": 2.3023724309226267e-06,
   "median": 3.450000804150477e-06
  },
  "405": {
   "mean": 7.770000593154691e-06,