{
    "valid_answer_scores": {
        "count": 3050555.0,
        "mean": 3.339664421719982,
        "std": 32.75788051849253,
        "min": -55.0,
        "5%": 0.0,
        "10%": 0.0,
        "15%": 0.0,
        "20%": 0.0,
        "25%": 0.0,
        "30%": 0.0,
        "35%": 0.0,
        "40%": 1.0,
        "45%": 1.0,
        "median": 1.0,
        "55%": 1.0,
        "60%": 1.0,
        "65%": 1.0,
        "70%": 2.0,
        "75%": 2.0,
        "80%": 3.0,
        "85%": 3.0,
        "90%": 5.0,
        "95%": 9.0,
        "max": 16529.0,
        "Posts in interval (-55.0, 0.0]": 1191422,
        "Posts in interval (0.0, 1.0]": 823427,
        "Posts in interval (1.0, 2.0]": 397069,
        "Posts in interval (2.0, 3.0]": 198773,
        "Posts in interval (3.0, 5.0]": 178294,
        "Posts in interval (5.0, 9.0]": 118396,
        "Posts in interval (9.0, 16529.0]": 143173
    },
    "valid_question_scores": {
        "count": 2191567.0,
        "mean": 2.247802143397852,
        "std": 27.556425246311512,
        "min": -64.0,
        "5%": -1.0,
        "10%": 0.0,
        "15%": 0.0,
        "20%": 0.0,
        "25%": 0.0,
        "30%": 0.0,
        "35%": 0.0,
        "40%": 0.0,
        "45%": 0.0,
        "median": 0.0,
        "55%": 1.0,
        "60%": 1.0,
        "65%": 1.0,
        "70%": 1.0,
        "75%": 1.0,
        "80%": 2.0,
        "85%": 2.0,
        "90%": 3.0,
        "95%": 6.0,
        "max": 11670.0,
        "Posts in interval (-64.0, -1.0]": 182609,
        "Posts in interval (-1.0, 0.0]": 979412,
        "Posts in interval (0.0, 1.0]": 496445,
        "Posts in interval (1.0, 2.0]": 214972,
        "Posts in interval (2.0, 3.0]": 102292,
        "Posts in interval (3.0, 6.0]": 108670,
        "Posts in interval (6.0, 11670.0]": 107166
    },
    "negative": {
        "question_scores": {
            "count": 53780.0,
            "mean": 14.269096318333952,
            "std": 113.3722096425155,
            "min": -22.0,
            "25%": 0.0,
            "median": 1.0,
            "75%": 3.0,
            "max": 7063.0
        },
        "answer_scores": {
            "count": 172871.0,
            "mean": 9.210659971886551,
            "std": 86.9509891544033,
            "min": -55.0,
            "25%": -1.0,
            "median": 0.0,
            "75%": 3.0,
            "max": 8158.0
        }
    },
    "general": {
        "question_scores": {
            "count": 1815949.0,
            "mean": 2.583799985572282,
            "std": 30.1995168133874,
            "min": -64.0,
            "25%": 0.0,
            "median": 0.0,
            "75%": 2.0,
            "max": 11670.0
        },
        "answer_scores": {
            "count": 3019934.0,
            "mean": 3.342104827456494,
            "std": 32.86264585061643,
            "min": -55.0,
            "25%": 0.0,
            "median": 1.0,
            "75%": 2.0,
            "max": 16529.0
        }
    },
    "exceptions": {
        "question_scores": {
            "count": 673636.0,
            "mean": 3.437574595181968,
            "std": 44.01257477863155,
            "min": -64.0,
            "25%": 0.0,
            "median": 0.0,
            "75%": 2.0,
            "max": 11670.0
        },
        "answer_scores": {
            "count": 1141800.0,
            "mean": 4.227693116132422,
            "std": 46.808853990318084,
            "min": -41.0,
            "25%": 0.0,
            "median": 1.0,
            "75%": 2.0,
            "max": 16529.0
        }
    },
    "high_qual": {
        "question_scores": {
            "count": 29450.0,
            "mean": 86.43612903225807,
            "std": 217.5363049069102,
            "min": -64.0,
            "25%": 25.0,
            "median": 41.0,
            "75%": 76.0,
            "max": 11670.0
        },
        "answer_scores": {
            "count": 161813.0,
            "mean": 33.733791475344994,
            "std": 136.50723412965257,
            "min": -55.0,
            "25%": 1.0,
            "median": 6.0,
            "75%": 32.0,
            "max": 16529.0
        }
    }
}